Workbook

Sheet customer
A1: id | B1: full_name | C1: email | D1: gsm_number | E1: customer_age | F1: customer_gender
A2: C0001 | B2: Cooper Rowantree | C2: crowantree0@unc.edu | D2: 971-205-0249 | E2: 35 | F2: Male
A3: C0002 | B3: Arlan Boow | C3: aboow1@upenn.edu | D3: 587-456-6601 | E3: 58 | F3: Male
A4: C0003 | B4: Sascha Pittock | C4: spittock2@bluehost.com | D4: 197-660-7732 | E4: 29 | F4: Male
A5: C0004 | B5: Feliks Datte | C5: fdatte3@hp.com | D5: 402-819-2990 | E5: 61 | F5: Male
A6: C0005 | B6: Goddart Drage | C6: gdrage4@samsung.com | D6: 113-208-8207 | E6: 63 | F6: Female
A7: C0006 | B7: Jenine Swateridge | C7: jswateridge5@bravesites.com | D7: 980-499-2623 | E7: 82 | F7: Female
A8: C0007 | B8: Bonny Crowd | C8: bcrowd6@auda.org.au | D8: 500-318-4540 | E8: 36 | F8: Female
A9: C0008 | B9: Kylen Stanluck | C9: kstanluck7@yellowbook.com | D9: 132-349-0937 | E9: 47 | F9: Female
A10: C0009 | B10: Donnajean Belz | C10: dbelz8@storify.com | D10: 209-266-8420 | E10: 68 | F10: Male
A11: C0010 | B11: Thomasin Bulley | C11: tbulley9@cisco.com | D11: 392-290-2626 | E11: 50 | F11: Male
A12: C0011 | B12: Evvie MacTrusty | C12: emactrustya@ustream.tv | D12: 417-754-3818 | E12: 21 | F12: Male
A13: C0012 | B13: Dinny Victory | C13: dvictoryb@msu.edu | D13: 662-638-5210 | E13: 33 | F13: Female
... A978: C0977 | B978: Bili Pairpoint | C978: bpairpointr4@altervista.org | D978: 268-447-6625 | E978: 47 | F978: Male

Sheet campaign
A1: id | B1: campaign_name | C1: activate_date | D1: campaign_price
A2: cam01 | B2: ChildrenInHH | C2: 44699 | D2: 10
A3: cam02 | B3: HandsetRefurbished | C3: 43041 | D3: 26
A4: cam03 | B4: HandsetWebCapable | C4: 43779 | D4: 62
A5: cam04 | B5: TruckOwner | C5: 43502 | D5: 26
A6: cam05 | B6: RVOwner | C6: 42352 | D6: 22
A7: cam06 | B7: Homeownership | C7: 44156 | D7: 13
A8: cam07 | B8: BuysViaMailOrder | C8: 42141 | D8: 25
A9: cam08 | B9: RespondsToMailOffers | C9: 44736 | D9: 27
A10: cam09 | B10: OptOutMailings | C10: 43695 | D10: 75
A11: cam10 | B11: NonUSTravel | C11: 42596 | D11: 66
A12: cam11 | B12: OwnsComputer | C12: 42623 | D12: 62
A13: cam12 | B13: HasCreditCard | C13: 44532 | D13: 65
... A18: cam17 | B18: MaritalStatus | C18: 44744 | D18: 29

Sheet data
A1: id_customer | B1: id_campaign | C1: join_date | D1: buy_date | E1: cohort_month | F1: month_dif | G1: buy_month | H1: revunue
A2: C0001 | B2: cam12 | C2: 44813 | D2: 44813 | E2: =DATE(YEAR(C2),MONTH(C2),1) -> 44805 | F2: =DATEDIF(C2,D2,"M") -> 0 | G2: =TEXT(D2,"mmm-yy") -> Sep-22 | H2: =VLOOKUP(B2,campaign!A:D,4,FALSE) -> 65
A3: C0001 | B3: cam12 | C3: 44813 | D3: 44907 | E3: =DATE(YEAR(C3),MONTH(C3),1) -> 44805 | F3: =DATEDIF(C3,D3,"M") -> 3 | G3: =TEXT(D3,"mmm-yy") -> Dec-22 | H3: =VLOOKUP(B3,campaign!A:D,4,FALSE) -> 65
A4: C0001 | B4: cam12 | C4: 44813 | D4: 44935 | E4: =DATE(YEAR(C4),MONTH(C4),1) -> 44805 | F4: =DATEDIF(C4,D4,"M") -> 4 | G4: =TEXT(D4,"mmm-yy") -> Jan-23 | H4: =VLOOKUP(B4,campaign!A:D,4,FALSE) -> 65
A5: C0001 | B5: cam12 | C5: 44813 | D5: 44974 | E5: =DATE(YEAR(C5),MONTH(C5),1) -> 44805 | F5: =DATEDIF(C5,D5,"M") -> 5 | G5: =TEXT(D5,"mmm-yy") -> Feb-23 | H5: =VLOOKUP(B5,campaign!A:D,4,FALSE) -> 65
A6: C0001 | B6: cam12 | C6: 44813 | D6: 45006 | E6: =DATE(YEAR(C6),MONTH(C6),1) -> 44805 | F6: =DATEDIF(C6,D6,"M") -> 6 | G6: =TEXT(D6,"mmm-yy") -> Mar-23 | H6: =VLOOKUP(B6,campaign!A:D,4,FALSE) -> 65
A7: C0001 | B7: cam12 | C7: 44813 | D7: 45040 | E7: =DATE(YEAR(C7),MONTH(C7),1) -> 44805 | F7: =DATEDIF(C7,D7,"M") -> 7 | G7: =TEXT(D7,"mmm-yy") -> Apr-23 | H7: =VLOOKUP(B7,campaign!A:D,4,FALSE) -> 65
A8: C0001 | B8: cam12 | C8: 44813 | D8: 45065 | E8: =DATE(YEAR(C8),MONTH(C8),1) -> 44805 | F8: =DATEDIF(C8,D8,"M") -> 8 | G8: =TEXT(D8,"mmm-yy") -> May-23 | H8: =VLOOKUP(B8,campaign!A:D,4,FALSE) -> 65
A9: C0001 | B9: cam07 | C9: 44850 | D9: 44850 | E9: =DATE(YEAR(C9),MONTH(C9),1) -> 44835 | F9: =DATEDIF(C9,D9,"M") -> 0 | G9: =TEXT(D9,"mmm-yy") -> Oct-22 | H9: =VLOOKUP(B9,campaign!A:D,4,FALSE) -> 25
A10: C0001 | B10: cam07 | C10: 44850 | D10: 44956 | E10: =DATE(YEAR(C10),MONTH(C10),1) -> 44835 | F10: =DATEDIF(C10,D10,"M") -> 3 | G10: =TEXT(D10,"mmm-yy") -> Jan-23 | H10: =VLOOKUP(B10,campaign!A:D,4,FALSE) -> 25
A11: C0001 | B11: cam07 | C11: 44850 | D11: 44982 | E11: =DATE(YEAR(C11),MONTH(C11),1) -> 44835 | F11: =DATEDIF(C11,D11,"M") -> 4 | G11: =TEXT(D11,"mmm-yy") -> Feb-23 | H11: =VLOOKUP(B11,campaign!A:D,4,FALSE) -> 25
A12: C0001 | B12: cam07 | C12: 44850 | D12: 45008 | E12: =DATE(YEAR(C12),MONTH(C12),1) -> 44835 | F12: =DATEDIF(C12,D12,"M") -> 5 | G12: =TEXT(D12,"mmm-yy") -> Mar-23 | H12: =VLOOKUP(B12,campaign!A:D,4,FALSE) -> 25
A13: C0001 | B13: cam07 | C13: 44850 | D13: 45045 | E13: =DATE(YEAR(C13),MONTH(C13),1) -> 44835 | F13: =DATEDIF(C13,D13,"M") -> 6 | G13: =TEXT(D13,"mmm-yy") -> Apr-23 | H13: =VLOOKUP(B13,campaign!A:D,4,FALSE) -> 25
... A15018: C0977 | B15018: cam05 | C15018: 44937 | D15018: 45068 | E15018: =DATE(YEAR(C15018),MONTH(C15018),1) -> 44927 | F15018: =DATEDIF(C15018,D15018,"M") -> 4 | G15018: =TEXT(D15018,"mmm-yy") -> May-23 | H15018: =VLOOKUP(B15018,campaign!A:D,4,FALSE) -> 22

Sheet Cohort
A3: Distinct Count of id_customer | B3: Column Labels
A4: Row Labels | B4: 0 | C4: 1 | D4: 2 | E4: 3 | F4: 4 | G4: 5 | H4: 6 | I4: 7 | J4: 8 | K4: 9 | L4: 10 | M4: 11 | N4: 12 | O4: 13 | P4: 14 | Q4: 15 | R4: 16 | S4: Grand Total
A5: 44562 | B5: 117 | C5: 69 | D5: 80 | E5: 69 | F5: 77 | G5: 74 | H5: 71 | I5: 77 | J5: 72 | K5: 74 | L5: 81 | M5: 82 | N5: 73 | O5: 71 | P5: 83 | Q5: 76 | R5: 72 | S5: 117
A6: 44593 | B6: 85 | C6: 63 | D6: 53 | E6: 54 | F6: 60 | G6: 60 | H6: 48 | I6: 61 | J6: 59 | K6: 58 | L6: 57 | M6: 59 | N6: 58 | O6: 59 | P6: 59 | Q6: 63 | S6: 85
A7: 44621 | B7: 85 | C7: 60 | D7: 59 | E7: 59 | F7: 61 | G7: 56 | H7: 60 | I7: 60 | J7: 60 | K7: 62 | L7: 52 | M7: 66 | N7: 63 | O7: 57 | P7: 53 | S7: 85
A8: 44652 | B8: 94 | C8: 79 | D8: 63 | E8: 68 | F8: 69 | G8: 72 | H8: 72 | I8: 69 | J8: 66 | K8: 68 | L8: 73 | M8: 78 | N8: 61 | O8: 70 | S8: 94
A9: 44682 | B9: 100 | C9: 73 | D9: 76 | E9: 77 | F9: 69 | G9: 71 | H9: 76 | I9: 72 | J9: 80 | K9: 69 | L9: 74 | M9: 80 | N9: 71 | S9: 100
A10: 44713 | B10: 119 | C10: 97 | D10: 95 | E10: 82 | F10: 99 | G10: 93 | H10: 79 | I10: 96 | J10: 92 | K10: 86 | L10: 82 | M10: 87 | S10: 119
A11: 44743 | B11: 113 | C11: 90 | D11: 79 | E11: 90 | F11: 87 | G11: 89 | H11: 85 | I11: 85 | J11: 86 | K11: 86 | L11: 86 | S11: 113
A12: 44774 | B12: 143 | C12: 118 | D12: 123 | E12: 119 | F12: 118 | G12: 113 | H12: 110 | I12: 107 | J12: 112 | K12: 120 | S12: 143
A13: 44805 | B13: 122 | C13: 109 | D13: 92 | E13: 101 | F13: 105 | G13: 96 | H13: 101 | I13: 101 | J13: 102 | S13: 122
A14: 44835 | B14: 137 | C14: 123 | D14: 120 | E14: 120 | F14: 112 | G14: 118 | H14: 119 | I14: 115 | S14: 137
A15: 44866 | B15: 125 | C15: 114 | D15: 110 | E15: 106 | F15: 107 | G15: 112 | H15: 104 | S15: 125
A16: 44896 | B16: 132 | C16: 126 | D16: 114 | E16: 112 | F16: 124 | G16: 118 | S16: 132
A17: 44927 | B17: 136 | C17: 130 | D17: 117 | E17: 125 | F17: 119 | S17: 136
A18: 44958 | B18: 112 | C18: 111 | D18: 98 | E18: 109 | S18: 112
A19: 44986 | B19: 130 | C19: 129 | D19: 124 | S19: 130
A20: 45017 | B20: 134 | C20: 134 | S20: 134
A21: Grand Total | B21: 972 | C21: 943 | D21: 894 | E21: 854 | F21: 825 | G21: 768 | H21: 703 | I21: 666 | J21: 584 | K21: 529 | L21: 440 | M21: 408 | N21: 306 | O21: 242 | P21: 189 | Q21: 135 | R21: 72 | S21: 972
A29: Distinct Count of id_customer | B29: Column Labels
A30: Row Labels | B30: 0 | C30: 1 | D30: 2 | E30: 3 | F30: 4 | G30: 5 | H30: 6 | I30: 7 | J30: 8 | K30: 9 | L30: 10 | M30: 11 | N30: 12 | O30: 13 | P30: 14 | Q30: 15 | R30: 16 | S30: Grand Total
A31: 44562 | B31: 1 | C31: 0.58974359 | D31: 0.68376068 | E31: 0.58974359 | F31: 0.65811966 | G31: 0.63247863 | H31: 0.60683761 | I31: 0.65811966 | J31: 0.61538462 | K31: 0.63247863 | L31: 0.69230769 | M31: 0.7008547 | N31: 0.62393162 | O31: 0.60683761 | P31: 0.70940171 | Q31: 0.64957265 | R31: 0.61538462
A32: 44593 | B32: 1 | C32: 0.74117647 | D32: 0.62352941 | E32: 0.63529412 | F32: 0.70588235 | G32: 0.70588235 | H32: 0.56470588 | I32: 0.71764706 | J32: 0.69411765 | K32: 0.68235294 | L32: 0.67058824 | M32: 0.69411765 | N32: 0.68235294 | O32: 0.69411765 | P32: 0.69411765 | Q32: 0.74117647
A33: 44621 | B33: 1 | C33: 0.70588235 | D33: 0.69411765 | E33: 0.69411765 | F33: 0.71764706 | G33: 0.65882353 | H33: 0.70588235 | I33: 0.70588235 | J33: 0.70588235 | K33: 0.72941176 | L33: 0.61176471 | M33: 0.77647059 | N33: 0.74117647 | O33: 0.67058824 | P33: 0.62352941
A34: 44652 | B34: 1 | C34: 0.84042553 | D34: 0.67021277 | E34: 0.72340426 | F34: 0.73404255 | G34: 0.76595745 | H34: 0.76595745 | I34: 0.73404255 | J34: 0.70212766 | K34: 0.72340426 | L34: 0.77659574 | M34: 0.82978723 | N34: 0.64893617 | O34: 0.74468085
A35: 44682 | B35: 1 | C35: 0.73 | D35: 0.76 | E35: 0.77 | F35: 0.69 | G35: 0.71 | H35: 0.76 | I35: 0.72 | J35: 0.8 | K35: 0.69 | L35: 0.74 | M35: 0.8 | N35: 0.71
A36: 44713 | B36: 1 | C36: 0.81512605 | D36: 0.79831933 | E36: 0.68907563 | F36: 0.83193277 | G36: 0.78151261 | H36: 0.66386555 | I36: 0.80672269 | J36: 0.77310924 | K36: 0.72268908 | L36: 0.68907563 | M36: 0.73109244
A37: 44743 | B37: 1 | C37: 0.79646018 | D37: 0.69911504 | E37: 0.79646018 | F37: 0.7699115 | G37: 0.78761062 | H37: 0.75221239 | I37: 0.75221239 | J37: 0.76106195 | K37: 0.76106195 | L37: 0.76106195
A38: 44774 | B38: 1 | C38: 0.82517483 | D38: 0.86013986 | E38: 0.83216783 | F38: 0.82517483 | G38: 0.79020979 | H38: 0.76923077 | I38: 0.74825175 | J38: 0.78321678 | K38: 0.83916084
A39: 44805 | B39: 1 | C39: 0.89344262 | D39: 0.75409836 | E39: 0.82786885 | F39: 0.86065574 | G39: 0.78688525 | H39: 0.82786885 | I39: 0.82786885 | J39: 0.83606557
A40: 44835 | B40: 1 | C40: 0.89781022 | D40: 0.87591241 | E40: 0.87591241 | F40: 0.81751825 | G40: 0.86131387 | H40: 0.86861314 | I40: 0.83941606
A41: 44866 | B41: 1 | C41: 0.912 | D41: 0.88 | E41: 0.848 | F41: 0.856 | G41: 0.896 | H41: 0.832
A42: 44896 | B42: 1 | C42: 0.95454545 | D42: 0.86363636 | E42: 0.84848485 | F42: 0.93939394 | G42: 0.89393939
A43: 44927 | B43: 1 | C43: 0.95588235 | D43: 0.86029412 | E43: 0.91911765 | F43: 0.875
A44: 44958 | B44: 1 | C44: 0.99107143 | D44: 0.875 | E44: 0.97321429
A45: 44986 | B45: 1 | C45: 0.99230769 | D45: 0.95384615
A46: 45017 | B46: 1 | C46: 1
A47: Grand Total | B47: 1 | C47: 0.97016461 | D47: 0.91975309 | E47: 0.87860082 | F47: 0.84876543 | G47: 0.79012346 | H47: 0.72325103 | I47: 0.68518519 | J47: 0.60082305 | K47: 0.54423868 | L47: 0.4526749 | M47: 0.41975309 | N47: 0.31481481 | O47: 0.24897119 | P47: 0.19444444 | Q47: 0.13888889 | R47: 0.074074074

Sheet Stabil
A3: Sum of revunue | B3: Column Labels
A4: Row Labels | B4: Jan-23 | C4: Feb-23 | D4: Mar-23 | E4: Apr-23 | F4: May-23 | G4: Grand Total
A5: cam01 | B5: 680 | C5: 790 | D5: 870 | E5: 1050 | F5: 1040 | G5: 4430 | I5: =_xlfn.STDEV.P(B5:F5)/AVERAGE(B5:F5) -> 0.16161645
A6: cam02 | B6: 1742 | C6: 1820 | D6: 2184 | E6: 2184 | F6: 2158 | G6: 10088 | I6: =_xlfn.STDEV.P(B6:F6)/AVERAGE(B6:F6) -> 0.096640893
A7: cam03 | B7: 5022 | C7: 5518 | D7: 6200 | E7: 6944 | F7: 6944 | G7: 30628 | I7: =_xlfn.STDEV.P(B7:F7)/AVERAGE(B7:F7) -> 0.12501537
A8: cam04 | B8: 1690 | C8: 1846 | D8: 2366 | E8: 2444 | F8: 2496 | G8: 10842 | I8: =_xlfn.STDEV.P(B8:F8)/AVERAGE(B8:F8) -> 0.15366445
A9: cam05 | B9: 1848 | C9: 2046 | D9: 2288 | E9: 2398 | F9: 2486 | G9: 11066 | I9: =_xlfn.STDEV.P(B9:F9)/AVERAGE(B9:F9) -> 0.10605947
A10: cam06 | B10: 1027 | C10: 1027 | D10: 1248 | E10: 1196 | F10: 1235 | G10: 5733 | I10: =_xlfn.STDEV.P(B10:F10)/AVERAGE(B10:F10) -> 0.086465651
A11: cam07 | B11: 1700 | C11: 1700 | D11: 1975 | E11: 2050 | F11: 2250 | G11: 9675 | I11: =_xlfn.STDEV.P(B11:F11)/AVERAGE(B11:F11) -> 0.10950708
A12: cam08 | B12: 1836 | C12: 2295 | D12: 2808 | E12: 2997 | F12: 3132 | G12: 13068 | I12: =_xlfn.STDEV.P(B12:F12)/AVERAGE(B12:F12) -> 0.18426694
A13: cam09 | B13: 5250 | C13: 5775 | D13: 6525 | E13: 6450 | F13: 6075 | G13: 30075 | I13: =_xlfn.STDEV.P(B13:F13)/AVERAGE(B13:F13) -> 0.077827863
A14: cam10 | B14: 5676 | C14: 6534 | D14: 7128 | E14: 7128 | F14: 6732 | G14: 33198 | I14: =_xlfn.STDEV.P(B14:F14)/AVERAGE(B14:F14) -> 0.080412519
A15: cam11 | B15: 5022 | C15: 5084 | D15: 5952 | E15: 6200 | F15: 6324 | G15: 28582 | I15: =_xlfn.STDEV.P(B15:F15)/AVERAGE(B15:F15) -> 0.097106418
A16: cam12 | B16: 4745 | C16: 5135 | D16: 5655 | E16: 6240 | F16: 6435 | G16: 28210 | I16: =_xlfn.STDEV.P(B16:F16)/AVERAGE(B16:F16) -> 0.11344271
... A21: cam17 | B21: 2146 | C21: 2523 | D21: 2900 | E21: 3103 | F21: 3306 | G21: 13978 | I21: =_xlfn.STDEV.P(B21:F21)/AVERAGE(B21:F21) -> 0.1485396
A22: Grand Total | B22: 45012 | C22: 49311 | D22: 56405 | E22: 58657 | F22: 59220 | G22: 268605

Sheet Pareto
A3: Row Labels | B3: Sum of revunue | C3: %
A4: cam10 | B4: 66792 | C4: 0.12579265
A5: cam09 | B5: 62775 | C5: 0.2440199
A6: cam12 | B6: 60190 | C6: 0.35737868
A7: cam11 | B7: 58714 | C7: 0.46795764
A8: cam03 | B8: 57164 | C8: 0.57561741
A9: cam14 | B9: 27832 | C9: 0.62803478
A10: cam13 | B10: 24200 | C10: 0.67361183
A11: cam05 | B11: 23012 | C11: 0.71695146
A12: cam17 | B12: 21576 | C12: 0.7575866
A13: cam02 | B13: 21398 | C13: 0.79788651
A14: cam04 | B14: 21060 | C14: 0.83754984
A15: cam08 | B15: 19764 | C15: 0.87477235
... A20: cam01 | B20: 7010 | C20: 1
A21: Grand Total | B21: 530969

Sheet Endirim
A1: {=_xlfn.UNIQUE(data!A:A)} -> id_customer | B1: last_date | C1: last_price | D1: max_price | E1: most expensive campaign | F1: netice
A2: C0001 | B2: =_xlfn.MAXIFS(data!C:C,data!A:A,A2) -> 45038 | C2: =_xlfn.MAXIFS(data!H:H,data!A:A,A2,data!C:C,B2) -> 29 | D2: =_xlfn.MAXIFS(data!H:H,data!A:A,A2) -> 65 | E2: {=INDEX(_xlfn._xlws.FILTER(data!B:B,data!A:A=A2,data!H:H=D2),1)} -> cam12 | F2: =IF(C2=D2,"Endirim yoxdur","Endirim: "&E2) -> Endirim: cam12
A3: C0002 | B3: =_xlfn.MAXIFS(data!C:C,data!A:A,A3) -> 44967 | C3: =_xlfn.MAXIFS(data!H:H,data!A:A,A3,data!C:C,B3) -> 26 | D3: =_xlfn.MAXIFS(data!H:H,data!A:A,A3) -> 62 | E3: {=INDEX(_xlfn._xlws.FILTER(data!B:B,data!A:A=A3,data!H:H=D3),1)} -> cam11 | F3: =IF(C3=D3,"Endirim yoxdur","Endirim: "&E3) -> Endirim: cam11
A4: C0003 | B4: =_xlfn.MAXIFS(data!C:C,data!A:A,A4) -> 44922 | C4: =_xlfn.MAXIFS(data!H:H,data!A:A,A4,data!C:C,B4) -> 28 | D4: =_xlfn.MAXIFS(data!H:H,data!A:A,A4) -> 62 | E4: {=INDEX(_xlfn._xlws.FILTER(data!B:B,data!A:A=A4,data!H:H=D4),1)} -> cam02 | F4: =IF(C4=D4,"Endirim yoxdur","Endirim: "&E4) -> Endirim: cam02
A5: C0004 | B5: =_xlfn.MAXIFS(data!C:C,data!A:A,A5) -> 44960 | C5: =_xlfn.MAXIFS(data!H:H,data!A:A,A5,data!C:C,B5) -> 13 | D5: =_xlfn.MAXIFS(data!H:H,data!A:A,A5) -> 29 | E5: {=INDEX(_xlfn._xlws.FILTER(data!B:B,data!A:A=A5,data!H:H=D5),1)} -> cam17 | F5: =IF(C5=D5,"Endirim yoxdur","Endirim: "&E5) -> Endirim: cam17
A6: C0005 | B6: =_xlfn.MAXIFS(data!C:C,data!A:A,A6) -> 45035 | C6: =_xlfn.MAXIFS(data!H:H,data!A:A,A6,data!C:C,B6) -> 27 | D6: =_xlfn.MAXIFS(data!H:H,data!A:A,A6) -> 27 | E6: {=INDEX(_xlfn._xlws.FILTER(data!B:B,data!A:A=A6,data!H:H=D6),1)} -> cam06 | F6: =IF(C6=D6,"Endirim yoxdur","Endirim: "&E6) -> Endirim yoxdur
A7: C0006 | B7: =_xlfn.MAXIFS(data!C:C,data!A:A,A7) -> 45008 | C7: =_xlfn.MAXIFS(data!H:H,data!A:A,A7,data!C:C,B7) -> 62 | D7: =_xlfn.MAXIFS(data!H:H,data!A:A,A7) -> 62 | E7: {=INDEX(_xlfn._xlws.FILTER(data!B:B,data!A:A=A7,data!H:H=D7),1)} -> cam11 | F7: =IF(C7=D7,"Endirim yoxdur","Endirim: "&E7) -> Endirim yoxdur
A8: C0007 | B8: =_xlfn.MAXIFS(data!C:C,data!A:A,A8) -> 44781 | C8: =_xlfn.MAXIFS(data!H:H,data!A:A,A8,data!C:C,B8) -> 27 | D8: =_xlfn.MAXIFS(data!H:H,data!A:A,A8) -> 27 | E8: {=INDEX(_xlfn._xlws.FILTER(data!B:B,data!A:A=A8,data!H:H=D8),1)} -> cam05 | F8: =IF(C8=D8,"Endirim yoxdur","Endirim: "&E8) -> Endirim yoxdur
A9: C0008 | B9: =_xlfn.MAXIFS(data!C:C,data!A:A,A9) -> 44900 | C9: =_xlfn.MAXIFS(data!H:H,data!A:A,A9,data!C:C,B9) -> 65 | D9: =_xlfn.MAXIFS(data!H:H,data!A:A,A9) -> 65 | E9: {=INDEX(_xlfn._xlws.FILTER(data!B:B,data!A:A=A9,data!H:H=D9),1)} -> cam16 | F9: =IF(C9=D9,"Endirim yoxdur","Endirim: "&E9) -> Endirim yoxdur
A10: C0009 | B10: =_xlfn.MAXIFS(data!C:C,data!A:A,A10) -> 44899 | C10: =_xlfn.MAXIFS(data!H:H,data!A:A,A10,data!C:C,B10) -> 13 | D10: =_xlfn.MAXIFS(data!H:H,data!A:A,A10) -> 14 | E10: {=INDEX(_xlfn._xlws.FILTER(data!B:B,data!A:A=A10,data!H:H=D10),1)} -> cam15 | F10: =IF(C10=D10,"Endirim yoxdur","Endirim: "&E10) -> Endirim: cam15
A11: C0010 | B11: =_xlfn.MAXIFS(data!C:C,data!A:A,A11) -> 44837 | C11: =_xlfn.MAXIFS(data!H:H,data!A:A,A11,data!C:C,B11) -> 13 | D11: =_xlfn.MAXIFS(data!H:H,data!A:A,A11) -> 75 | E11: {=INDEX(_xlfn._xlws.FILTER(data!B:B,data!A:A=A11,data!H:H=D11),1)} -> cam10 | F11: =IF(C11=D11,"Endirim yoxdur","Endirim: "&E11) -> Endirim: cam10
A12: C0011 | B12: =_xlfn.MAXIFS(data!C:C,data!A:A,A12) -> 45025 | C12: =_xlfn.MAXIFS(data!H:H,data!A:A,A12,data!C:C,B12) -> 65 | D12: =_xlfn.MAXIFS(data!H:H,data!A:A,A12) -> 65 | E12: {=INDEX(_xlfn._xlws.FILTER(data!B:B,data!A:A=A12,data!H:H=D12),1)} -> cam05 | F12: =IF(C12=D12,"Endirim yoxdur","Endirim: "&E12) -> Endirim yoxdur
A13: C0012 | B13: =_xlfn.MAXIFS(data!C:C,data!A:A,A13) -> 45012 | C13: =_xlfn.MAXIFS(data!H:H,data!A:A,A13,data!C:C,B13) -> 25 | D13: =_xlfn.MAXIFS(data!H:H,data!A:A,A13) -> 66 | E13: {=INDEX(_xlfn._xlws.FILTER(data!B:B,data!A:A=A13,data!H:H=D13),1)} -> cam10 | F13: =IF(C13=D13,"Endirim yoxdur","Endirim: "&E13) -> Endirim: cam10
... A973: C0977 | B973: =_xlfn.MAXIFS(data!C:C,data!A:A,A973) -> 44937 | C973: =_xlfn.MAXIFS(data!H:H,data!A:A,A973,data!C:C,B973) -> 22 | D973: =_xlfn.MAXIFS(data!H:H,data!A:A,A973) -> 75 | E973: {=INDEX(_xlfn._xlws.FILTER(data!B:B,data!A:A=A973,data!H:H=D973),1)} -> cam09 | F973: =IF(C973=D973,"Endirim yoxdur","Endirim: "&E973) -> Endirim: cam09
A974: 0
